question,answer
"Is administering medication to a patient with their informed consent to treat a medical condition an example of a restrictive practice?","No"
"What is the definition of environmental restraint?","Restricting a person's movement or access to their environment through physical or environmental means"
"Is using locked doors or gates to prevent a person from leaving a room or building an example of environmental restraint?","Yes"
"Is encouraging a person to stay in a certain room or area for their own safety an example of environmental restraint?","No"
"What is the definition of mechanical restraint?","Using a physical device to restrict a person's movement"
"Is using handcuffs or leg restraints to prevent a person from leaving a room or building an example of mechanical restraint?","Yes"
"Is using a seatbelt to ensure a person's safety while driving an example of mechanical restraint?","No"
"What is the definition of physical restraint?","Using physical force or manual techniques to restrict a person's movement"
"Is holding a person down to prevent them from leaving a room or building an example of physical restraint?","Yes"
"Is using a soft touch to guide a person to a safe area during an emergency an example of physical restraint?","No"
"What is the definition of seclusion?","Confining a person to a room or space from which they are unable to leave"
"Is locking a person in a padded room for extended periods of time an example of seclusion?","Yes"
"Is providing a person with a private space to rest or recover from an illness an example of seclusion?","No"
"Is administering sedatives to a person with autism to prevent self-harming behavior an example of chemical restraint?","Yes"
"Is using antipsychotics to manage aggression in a patient with dementia an example of chemical restraint?","Yes"
"Is forcibly administering medication to suppress agitation in a person with a mental health disorder an example of chemical restraint?","Yes"
"Is giving tranquilizers to an individual with a developmental disability to limit their mobility an example of chemical restraint?","Yes"
"Is administering sleep aids to control a person's sleep schedule without their consent an example of chemical restraint?","Yes"
"Is administering mood stabilizers to control a person's emotional outbursts without consent an example of chemical restraint?","Yes"
"Is using medication to manage a person's verbal outbursts against their will an example of chemical restraint?","Yes"
"Is administering anticonvulsants to control a person's behavior without a medical indication an example of chemical restraint?","Yes"
"Is using anti-anxiety medication to suppress a person's natural emotional responses without consent an example of chemical restraint?","Yes"
"Is placing a person in an isolated room as punishment an example of environmental restraint?","Yes"
"Are using a locked room to confine someone with a mental health disorder and blocking exits to prevent a person from leaving a care facility examples of environmental restraint?","Yes"
"Is limiting a person's access to personal items or belongings as punishment an example of environmental restraint?","Yes"
"Is blocking access to outdoor spaces as a form of control an example of environmental restraint?","Yes"
"Is restricting a person's freedom to choose their daily activities or schedule an example of environmental restraint?","Yes"
"Is using noise or sensory deprivation as a means of control an example of environmental restraint?","Yes"
question,answer
"Is denying access to essential facilities such as restrooms or dining areas an example of environmental restraint?","Yes"
"Is restricting access to common areas or recreational facilities an example of environmental restraint?","Yes"
"Is placing barriers around a person's bed to limit their movement an example of environmental restraint?","Yes"
"Are using a straitjacket to immobilize a person, utilizing limb restraints on a person with a mental health disorder, and restricting an individual's movement with a helmet and body suit examples of mechanical restraint?","Yes"
"Is using a restraint chair to limit a person's mobility an example of mechanical restraint?","Yes"
"Is applying mittens or finger control devices to prevent self-harming behavior an example of mechanical restraint?","Yes"
"Is applying restrictive clothing or harnesses to limit a person's movement an example of mechanical restraint?","Yes"
"Is using bed restraints or bed rails to prevent a person from getting out of bed an example of mechanical restraint?","Yes"
"Is applying a weighted blanket or vest without a person's consent or for non-therapeutic purposes an example of mechanical restraint?","Yes"
"Is restricting an individual's movement using a lap tray or table an example of mechanical restraint?","Yes"
"Is utilizing a posey or soft restraint to confine a person's limbs an example of mechanical restraint?","Yes"
"Is forcefully holding a person's arms or legs to prevent movement an example of physical restraint?","Yes"
"Is restraining a person in a prone or supine position an example of physical restraint?","Yes"
"Is pinning a person against a wall or other surface an example of physical restraint?","Yes"
"Is using a physical escort or 'transport hold' to move a person against their will an example of physical restraint?","Yes"
"Is applying a 'basket hold' or 'bear hug' restraint technique an example of physical restraint?","Yes"
"Is using a 'full nelson' or 'half nelson' hold on a person an example of physical restraint?","Yes"
"Is applying a chokehold or carotid restraint technique an example of physical restraint?","Yes"
"Is restraining a person in a painful or uncomfortable position an example of physical restraint?","Yes"
question,answer
"Is using a 'hogtie' method to restrain a person's limbs an example of physical restraint?","Yes"
"Is forcefully holding a person's head or neck to prevent movement an example of physical restraint?","Yes"
"Is isolating a person in a seclusion room as a form of punishment an example of seclusion?","Yes"
"Is confining a person with a mental health disorder to a locked room for extended periods an example of seclusion?","Yes"
"Is locking a person in an isolation room without access to basic amenities an example of seclusion?","Yes"
"Is forcing a person to stay in an empty room with no stimuli or interaction an example of seclusion?","Yes"
"Is requiring a person to remain in a confined space without any means of communication an example of seclusion?","Yes"
"Is forcing a person to stay in a 'time-out' room as a form of control an example of seclusion?","Yes"
"Is confining a person with a disability in a separate space to avoid addressing their needs an example of seclusion?","Yes"
"Is restricting a person's access to social interactions as punishment an example of seclusion?","Yes"
"Is denying a person the opportunity to leave their room or living space an example of seclusion?","Yes"
"Is isolating a person in a confined space without access to natural light or fresh air an example of seclusion?","Yes"
"Is administering insulin to a patient with diabetes as prescribed an example of chemical restraint?","No"
"Is providing prescribed medication for a patient with a mental health disorder with their consent an example of chemical restraint?","No"
"Is giving an individual an over-the-counter painkiller for a headache with their permission an example of chemical restraint?","No"
"Is implementing safety measures such as locked doors for patients with Alzheimer's disease an example of environmental restraint?","No"
"Is providing a sensory room for individuals with autism to self-regulate an example of environmental restraint?","No"
"Is encouraging a person to engage in calming activities in a designated quiet space an example of environmental restraint?","No"
"Is using a wheelchair to assist a person with mobility issues an example of mechanical restraint?","No"
"Is implementing a padded helmet for a person with epilepsy to prevent head injury an example of mechanical restraint?","No"
"Is providing orthotics to a person with physical disabilities to aid in mobility an example of mechanical restraint?","No"
"Is helping a person stand or walk using minimal assistance an example of physical restraint?","No"
"Is supporting a person with limited mobility to transfer from a bed to a wheelchair an example of physical restraint?","No"
"Is gently guiding a disoriented person back to a safe area an example of physical restraint?","No"
"Is offering a person the option to take a break in a designated quiet space an example of seclusion?","No"
"Is allowing a person with sensory sensitivities to retreat to a low-stimulus environment an example of seclusion?","No"
"Is respecting a person's request for privacy and alone time an example of seclusion?","No"
